"Method","X1","X2","X3","A","B","C"
"parents","low","low","low",0.379077615298088,0.431946006749156,0.188976377952756
"parents","low","low","high",0.379077615298088,0.431946006749156,0.188976377952756
"parents","low","high","low",0.379077615298088,0.431946006749156,0.188976377952756
"parents","low","high","high",0.379077615298088,0.431946006749156,0.188976377952756
"parents","high","low","low",0.379077615298088,0.431946006749156,0.188976377952756
"parents","high","low","high",0.379077615298088,0.431946006749156,0.188976377952756
"parents","high","high","low",0.379077615298088,0.431946006749156,0.188976377952756
"parents","high","high","high",0.379077615298088,0.431946006749156,0.188976377952756
"bayes-lw","low","low","low",0.42655280992383,0.294767912721212,0.278679277354959
"bayes-lw","low","low","high",0.446566114711434,0.343337195624642,0.210096689663924
"bayes-lw","low","high","low",0.523827210719158,0.183662848515564,0.292509940765278
"bayes-lw","low","high","high",0.469718638100896,0.301863279665687,0.228418082233417
"bayes-lw","high","low","low",0.290365385788882,0.568982518112845,0.140652096098272
"bayes-lw","high","low","high",0.279659511248191,0.622508582037891,0.0978319067139188
"bayes-lw","high","high","low",0.414663834376274,0.413691897445855,0.171644268177871
"bayes-lw","high","high","high",0.314675989768502,0.573569905497505,0.111754104733993
"exact","low","low","low",0.428548993506628,0.291704023362114,0.279746983131258
"exact","low","low","high",0.442903828181864,0.345355513890176,0.21174065792796
"exact","low","high","low",0.523932891065287,0.183842169780442,0.292224939154271
"exact","low","high","high",0.471077160220203,0.301684338460278,0.227238501319519
"exact","high","low","low",0.29154509687576,0.56845120337454,0.1400036997497
"exact","high","low","high",0.278918409263501,0.622987952599185,0.0980936381373142
"exact","high","high","low",0.414006390089498,0.416123293197644,0.169870316712858
"exact","high","high","high",0.313547167559062,0.575187059747989,0.111265772692949
