"Y","X1","X2","X3","Freq"
"A","low","low","low",113
"B","low","low","low",98
"C","low","low","low",73
"A","high","low","low",21
"B","high","low","low",60
"C","high","low","low",5
"A","low","high","low",19
"B","low","high","low",8
"C","low","high","low",7
"A","high","high","low",8
"B","high","high","low",8
"C","high","high","low",6
"A","low","low","high",35
"B","low","low","high",18
"C","low","low","high",17
"A","high","low","high",27
"B","high","low","high",66
"C","high","low","high",9
"A","low","high","high",36
"B","low","high","high",9
"C","low","high","high",15
"A","high","high","high",74
"B","high","high","high",113
"C","high","high","high",32
